{
	"credit": "Made with Blockbench",
	"textures": {
		"0": "items/rgbsheet1",
		"1": "items/texturedmaterials1",
		"2": "rgbsheet1",
		"3": "block/metal",
		"4": "block/EEEE",
		"particle": "items/rgbsheet1"
	},
	"elements": [
		{
			"from": [8, 2, 5.02],
			"to": [9, 7, 6.02],
			"faces": {
				"north": {"uv": [0, 0, 2, 5], "texture": "#3"},
				"east": {"uv": [2, 0, 4, 5], "texture": "#3"},
				"south": {"uv": [4, 0, 6, 5], "texture": "#3"},
				"west": {"uv": [0, 5, 2, 10], "texture": "#3"},
				"up": {"uv": [4, 7, 2, 5], "texture": "#3"},
				"down": {"uv": [6, 5, 4, 7], "texture": "#3"}
			}
		},
		{
			"from": [8.25, 6, 5.9],
			"to": [8.75, 6, 7.9],
			"faces": {
				"north": {"uv": [7, 15, 8, 16], "texture": "#3"},
				"east": {"uv": [7, 15, 8, 16], "texture": "#0"},
				"south": {"uv": [7, 15, 8, 16], "texture": "#0"},
				"west": {"uv": [7, 15, 8, 16], "texture": "#0"},
				"up": {"uv": [7, 15, 8, 16], "texture": "#3"},
				"down": {"uv": [7, 15, 8, 16], "texture": "#3"}
			}
		},
		{
			"from": [8.5, 7.5, -1.75],
			"to": [8.5, 9.2, -1.25],
			"faces": {
				"north": {"uv": [0, 9, 3, 12], "texture": "#3"},
				"east": {"uv": [0, 9, 3, 12], "texture": "#3"},
				"south": {"uv": [0, 9, 3, 12], "texture": "#2"},
				"west": {"uv": [0, 9, 3, 12], "texture": "#3"},
				"up": {"uv": [0, 9, 3, 12], "texture": "#3"},
				"down": {"uv": [0, 9, 3, 12], "texture": "#1"}
			}
		},
		{
			"from": [8.01, 6, 9.5],
			"to": [9.01, 7, 10.5],
			"rotation": {"angle": 0, "axis": "x", "origin": [8, 7.5, 0.5]},
			"faces": {
				"north": {"uv": [0, 4, 2, 5], "texture": "#2"},
				"east": {"uv": [0, 4, 4, 5], "texture": "#2"},
				"south": {"uv": [0, 4, 2, 5], "texture": "#2"},
				"west": {"uv": [0, 4, 4, 5], "texture": "#2"},
				"up": {"uv": [0, 4, 2, 8], "texture": "#2"},
				"down": {"uv": [0, 4, 2, 8], "texture": "#2"}
			}
		},
		{
			"from": [8, 9, 5],
			"to": [9, 10, 11],
			"rotation": {"angle": 22.5, "axis": "x", "origin": [0, 0, 0]},
			"faces": {
				"north": {"uv": [0, 4, 2, 6], "texture": "#2"},
				"east": {"uv": [0, 4, 5, 6], "texture": "#2"},
				"south": {"uv": [0, 4, 2, 6], "texture": "#2"},
				"west": {"uv": [0, 4, 5, 6], "texture": "#2"},
				"up": {"uv": [0, 4, 2, 9], "texture": "#2"},
				"down": {"uv": [0, 4, 2, 9], "texture": "#2"}
			}
		},
		{
			"from": [8.01, 3, 7],
			"to": [9.01, 6, 8],
			"rotation": {"angle": -22.5, "axis": "x", "origin": [8, 8, 8]},
			"faces": {
				"north": {"uv": [0, 4, 5, 7], "texture": "#2"},
				"east": {"uv": [0, 4, 5, 7], "texture": "#2"},
				"south": {"uv": [0, 4, 5, 7], "texture": "#2"},
				"west": {"uv": [0, 4, 5, 7], "texture": "#2"},
				"up": {"uv": [0, 4, 5, 7], "texture": "#3"},
				"down": {"uv": [0, 4, 5, 7], "texture": "#2"}
			}
		},
		{
			"from": [8.1, 8, 4],
			"to": [8.9, 8.2, 10],
			"faces": {
				"north": {"uv": [0, 4, 1.8, 4.2], "texture": "#1"},
				"east": {"uv": [0, 4, 16, 4.2], "texture": "#3"},
				"south": {"uv": [0, 4, 1.8, 4.2], "texture": "#1"},
				"west": {"uv": [0, 4, 16, 4.2], "texture": "#3"},
				"up": {"uv": [0, 4, 16, 5.8], "rotation": 90, "texture": "#3"},
				"down": {"uv": [0, 4, 1.8, 20], "texture": "#1"}
			}
		},
		{
			"from": [8, 5, 11],
			"to": [9, 7, 14],
			"faces": {
				"north": {"uv": [0, 4, 2, 7], "texture": "#2"},
				"east": {"uv": [0, 4, 7, 7], "texture": "#2"},
				"south": {"uv": [0, 4, 2, 7], "texture": "#2"},
				"west": {"uv": [0, 4, 7, 7], "texture": "#2"},
				"up": {"uv": [0, 4, 2, 11], "texture": "#2"},
				"down": {"uv": [0, 4, 2, 11], "texture": "#3"}
			}
		},
		{
			"from": [8, 7, 4],
			"to": [9, 8, 10],
			"faces": {
				"north": {"uv": [0, 4, 2, 7], "texture": "#1"},
				"east": {"uv": [0, 4, 7, 7], "texture": "#3"},
				"south": {"uv": [0, 4, 2, 7], "texture": "#1"},
				"west": {"uv": [0, 4, 6, 6], "texture": "#3"},
				"up": {"uv": [0, 4, 2, 11], "texture": "#1"},
				"down": {"uv": [0, 4, 2, 11], "texture": "#3"}
			}
		},
		{
			"from": [8, 5, 8],
			"to": [9, 7, 9],
			"faces": {
				"north": {"uv": [0, 0, 1, 2], "texture": "#3"},
				"east": {"uv": [0, 0, 1, 2], "texture": "#3"},
				"south": {"uv": [0, 0, 1, 2], "texture": "#3"},
				"west": {"uv": [0, 0, 1, 2], "texture": "#3"},
				"up": {"uv": [0, 0, 1, 1], "texture": "#3"},
				"down": {"uv": [0, 0, 1, 1], "texture": "#2"}
			}
		},
		{
			"from": [8, 6, 5],
			"to": [9, 7, 7],
			"faces": {
				"north": {"uv": [0, 0, 1, 1], "texture": "#3"},
				"east": {"uv": [0, 0, 2, 1], "texture": "#3"},
				"south": {"uv": [0, 0, 1, 1], "texture": "#3"},
				"west": {"uv": [0, 0, 2, 1], "texture": "#3"},
				"up": {"uv": [0, 0, 1, 2], "texture": "#3"},
				"down": {"uv": [0, 0, 1, 2], "texture": "#2"}
			}
		},
		{
			"from": [8, 7, -2],
			"to": [9, 8, 4],
			"faces": {
				"north": {"uv": [2, 2, 3, 3], "texture": "#3"},
				"east": {"uv": [0, 0, 6, 1], "texture": "#3"},
				"south": {"uv": [2, 3, 3, 4], "texture": "#4"},
				"west": {"uv": [0, 1, 6, 2], "texture": "#3"},
				"up": {"uv": [1, 8, 0, 2], "texture": "#3"},
				"down": {"uv": [2, 2, 1, 8], "texture": "#3"}
			}
		}
	],
	"display": {
		"thirdperson_righthand": {
			"translation": [0, 1.75, 0.75]
		},
		"gui": {
			"rotation": [0, 133, 0]
		},
		"fixed": {
			"rotation": [-89, 130, 96],
			"translation": [2.25, -0.5, -0.5]
		}
	}
}